rank,player_id,player_name,team_name,competition_name,season_name,competition_id,season_id,n_pressing_events,pap_score,pap_percentile,success_rate,expected_success,avg_difficulty,top_pressure_zone
1,3441,Nikola Vlašić,Croatia,UEFA Euro,2020,55,43,112,0.11218918138061905,100.0,0.4642857142857143,0.35209653290509524,0.6479034670949048,final_third
2,40724,Florian Wirtz,Germany,UEFA Euro,2024,55,282,109,0.10375057467069242,99.3,0.5412844036697247,0.4375338289990323,0.5624661710009677,final_third
3,23650,Jeremy Doku,Belgium,UEFA Euro,2024,55,282,231,0.08898341903844441,98.7,0.45454545454545453,0.36556203550701016,0.6344379644929898,left_half_space
4,19316,Roland Sallai,Hungary,UEFA Euro,2024,55,282,104,0.08658898000901567,98.0,0.5096153846153846,0.423026404606369,0.576973595393631,final_third
5,9638,Jack Grealish,England,UEFA Euro,2020,55,43,104,0.08565419408615985,97.3,0.4807692307692308,0.39511503668307096,0.6048849633169291,final_third
6,8286,Leonardo Spinazzola,Italy,UEFA Euro,2020,55,43,105,0.08509805627964782,96.7,0.5714285714285714,0.4863305151489236,0.5136694848510763,final_third
7,5660,Piotr Zieliński,Poland,UEFA Euro,2020,55,43,189,0.08097903544504725,96.0,0.49206349206349204,0.41108445661844484,0.5889155433815552,final_third
8,24977,Christoph Baumgartner,Austria,UEFA Euro,2024,55,282,200,0.07386628738285018,95.3,0.485,0.4111337126171498,0.5888662873828502,final_third
9,21294,Mykola Shaparenko,Ukraine,UEFA Euro,2020,55,43,128,0.07270830901935996,94.7,0.515625,0.44291669098064,0.55708330901936,final_third
10,5503,Lionel Andrés Messi Cuccittini,Argentina,FIFA World Cup,2022,43,106,294,0.07231189352620088,94.0,0.47619047619047616,0.4038785826642753,0.5961214173357248,final_third
11,45190,Dan Ndoye,Switzerland,UEFA Euro,2024,55,282,110,0.07226533143592105,93.3,0.4909090909090909,0.4186437594731699,0.5813562405268301,final_third
12,3625,Sofiane Boufal,Morocco,FIFA World Cup,2022,43,106,106,0.06741083748604203,92.7,0.44339622641509435,0.3759853889290523,0.6240146110709477,final_third
13,5633,Yannick Ferreira Carrasco,Belgium,UEFA Euro,2024,55,282,107,0.06636862954922425,92.0,0.4672897196261682,0.40092109007694393,0.599078909923056,left_half_space
14,33018,Joško Gvardiol,Croatia,UEFA Euro,2020,55,43,216,0.06618168102674298,91.3,0.5185185185185185,0.45233683749177556,0.5476631625082244,final_third
15,5545,Breel-Donald Embolo,Switzerland,UEFA Euro,2020,55,43,255,0.0655841107226291,90.7,0.43529411764705883,0.36971000692442973,0.6302899930755703,final_third
16,8118,Frenkie de Jong,Netherlands,FIFA World Cup,2022,43,106,285,0.06513139680486875,90.0,0.5368421052631579,0.4717107084582891,0.5282892915417109,final_third
17,8125,Denzel Dumfries,Netherlands,UEFA Euro,2022,55,106,161,0.06263106235353431,89.3,0.4161490683229814,0.35351800596944705,0.646481994030553,final_third
18,5477,Ousmane Dembélé,France,UEFA Euro,2024,55,282,210,0.05958772108541024,88.7,0.4857142857142857,0.4261265646288755,0.5738734353711246,final_third
19,3621,Eden Hazard,Belgium,UEFA Euro,2020,55,43,165,0.05859200717076259,88.0,0.45454545454545453,0.39595344737469196,0.604046552625308,final_third
20,8246,Christian Pulisic,United States,FIFA World Cup,2022,43,106,116,0.05725468388278284,87.3,0.4396551724137931,0.3824004885310103,0.6175995114689897,final_third
21,316046,Lamine Yamal Nasraoui Ebana,Spain,UEFA Euro,2024,55,282,143,0.05721316462641861,86.7,0.43356643356643354,0.3763532689400149,0.6236467310599851,final_third
22,39565,Jamal Musiala,Germany,UEFA Euro,2024,55,282,314,0.05285497100093024,86.0,0.43630573248407645,0.3834507614831462,0.6165492385168538,final_third
23,3961,N'Golo Kanté,France,UEFA Euro,2024,55,282,220,0.05100432259504842,85.3,0.5181818181818182,0.4671774955867698,0.5328225044132302,final_third
24,5456,Mateo Kovačić,Croatia,UEFA Euro,2022,55,106,365,0.05070712481783155,84.7,0.4684931506849315,0.41778602586709995,0.5822139741329,final_third
25,3009,Kylian Mbappé Lottin,France,UEFA Euro,2022,55,106,456,0.04962728066449356,84.0,0.44956140350877194,0.3999341228442784,0.6000658771557217,final_third
26,8506,Konrad Laimer,Austria,UEFA Euro,2020,55,43,156,0.049252185773119864,83.3,0.5064102564102564,0.45715807063713654,0.5428419293628635,final_third
27,3620,Scott McTominay,Scotland,UEFA Euro,2020,55,43,134,0.04636712869391803,82.7,0.48507462686567165,0.4387074981717536,0.5612925018282464,right_half_space
28,3289,Romelu Lukaku Menama,Belgium,UEFA Euro,2020,55,43,178,0.04632633315400391,82.0,0.4044943820224719,0.35816804886846804,0.641831951131532,final_third
29,20750,Cody Mathès Gakpo,Netherlands,FIFA World Cup,2022,43,106,198,0.04592514984869851,81.3,0.4494949494949495,0.403569799646251,0.5964302003537489,final_third
30,5549,Manuel Obafemi Akanji,Switzerland,UEFA Euro,2020,55,43,196,0.04463088259255208,80.7,0.5306122448979592,0.4859813623054071,0.5140186376945929,final_third
31,68574,Nicholas Williams Arthuer,Spain,UEFA Euro,2024,55,282,203,0.04137644948540104,80.0,0.4236453201970443,0.38226887071164334,0.6177311292883567,final_third
32,30401,Ruben Vargas,Switzerland,UEFA Euro,2024,55,282,134,0.04057893480441063,79.3,0.43283582089552236,0.39225688609111176,0.6077431139088882,final_third
33,3831,Dušan Tadić,Serbia,FIFA World Cup,2022,43,106,106,0.0399977778571258,78.7,0.39622641509433965,0.3562286372372138,0.6437713627627861,final_third
34,27886,Alexis Mac Allister,Argentina,FIFA World Cup,2022,43,106,124,0.038122667705976505,78.0,0.41935483870967744,0.38123217100370094,0.618767828996299,final_third
35,8966,Kai Havertz,Germany,UEFA Euro,2024,55,282,202,0.03799513674740055,77.3,0.45544554455445546,0.41745040780705495,0.5825495921929451,final_third
36,11396,Florian Grillitsch,Austria,UEFA Euro,2020,55,43,153,0.03782375876210323,76.7,0.5294117647058824,0.49158800594377916,0.5084119940562208,final_third
37,16554,Joakim Mæhle,Denmark,UEFA Euro,2020,55,43,240,0.03720777609429918,76.0,0.4583333333333333,0.42112555723903417,0.5788744427609658,final_third
38,24443,Mikkel Damsgaard,Denmark,UEFA Euro,2020,55,43,127,0.03535124884767003,75.3,0.4251968503937008,0.38984560154603076,0.6101543984539692,final_third
39,23649,Roman Yaremchuk,Ukraine,UEFA Euro,2020,55,43,126,0.03526124198503391,74.7,0.42857142857142855,0.39331018658639466,0.6066898134136054,final_third
40,5245,Achraf Hakimi Mouh,Morocco,FIFA World Cup,2022,43,106,120,0.034066391308908685,74.0,0.4083333333333333,0.3742669420244246,0.6257330579755753,final_third
41,5579,Joshua Kimmich,Germany,UEFA Euro,2024,55,282,242,0.03383547897604229,73.3,0.4834710743801653,0.449635595404123,0.550364404595877,final_third
42,9974,John McGinn,Scotland,UEFA Euro,2020,55,43,142,0.032399620605677894,72.7,0.47183098591549294,0.4394313653098151,0.5605686346901849,final_third
43,41092,Nuno Mendes,Portugal,UEFA Euro,2024,55,282,100,0.03172454494400892,72.0,0.44,0.40827545505599105,0.591724544944009,left_half_space
44,7156,Federico Chiesa,Italy,UEFA Euro,2020,55,43,190,0.031568306678389,71.3,0.3894736842105263,0.3579053775321373,0.6420946224678628,final_third
45,4353,Aymeric Laporte,Spain,UEFA Euro,2024,55,282,152,0.030772170762780646,70.7,0.5526315789473685,0.5218594081845879,0.47814059181541213,final_third
46,3043,Christian Dannemann Eriksen,Denmark,UEFA Euro,2024,55,282,139,0.024665531828835092,70.0,0.460431654676259,0.4357661228474239,0.5642338771525761,final_third
47,8217,Kingsley Coman,France,FIFA World Cup,2022,43,106,100,0.024054004237164944,69.3,0.44,0.4159459957628351,0.5840540042371649,own_box
48,2972,Marcus Thuram,France,UEFA Euro,2024,55,282,107,0.023922620878364442,68.7,0.4205607476635514,0.396638126785187,0.6033618732148129,final_third
49,6765,Rodrigo Hernández Cascante,Spain,UEFA Euro,2024,55,282,312,0.023277195499477734,68.0,0.5160256410256411,0.4927484455261633,0.5072515544738367,final_third
50,3053,Leroy Sané,Germany,UEFA Euro,2024,55,282,131,0.021637712908192094,67.3,0.4122137404580153,0.3905760275498231,0.6094239724501769,final_third
51,3336,Harry Maguire,England,UEFA Euro,2020,55,43,139,0.02124777620742231,66.7,0.5251798561151079,0.5039320799076855,0.4960679200923145,final_third
52,5463,Luka Modrić,Croatia,UEFA Euro,2022,55,106,386,0.020799600156877377,66.0,0.46113989637305697,0.4403402962161796,0.5596597037838205,final_third
53,3943,Declan Rice,England,UEFA Euro,2024,55,282,330,0.020352857561131685,65.3,0.4696969696969697,0.449344112135838,0.550655887864162,final_third
54,46258,Azzedine Ounahi,Morocco,FIFA World Cup,2022,43,106,154,0.02021678737663362,64.7,0.42207792207792205,0.4018611347012885,0.5981388652987115,final_third
55,29163,Josip Juranović,Croatia,FIFA World Cup,2022,43,106,110,0.01986340099134503,64.0,0.45454545454545453,0.43468205355410955,0.5653179464458904,right_half_space
56,7797,Rodrigo Javier De Paul,Argentina,FIFA World Cup,2022,43,106,145,0.019648669191333026,63.3,0.4068965517241379,0.3872478825328049,0.612752117467195,final_third
57,22084,Bukayo Saka,England,UEFA Euro,2024,55,282,341,0.01917890750192024,62.7,0.39002932551319647,0.3708504180112762,0.6291495819887238,final_third
58,5537,Fabian Lukas Schär,Switzerland,UEFA Euro,2024,55,282,124,0.018250458842285083,62.0,0.4838709677419355,0.4656205088996504,0.5343794911003497,def_third
59,3233,Raheem Sterling,England,UEFA Euro,2020,55,43,260,0.018215675935370403,61.3,0.4307692307692308,0.41255355483386036,0.5874464451661396,final_third
60,4320,Neymar da Silva Santos Junior,Brazil,FIFA World Cup,2022,43,106,118,0.01714870829310159,60.7,0.3898305084745763,0.3726818001814747,0.6273181998185253,left_half_space
61,3193,Bernardo Mota Veiga de Carvalho e Silva,Portugal,UEFA Euro,2022,55,106,215,0.016868394995220973,60.0,0.44651162790697674,0.42964323291175577,0.5703567670882442,final_third
62,4447,Martin Braithwaite Christensen,Denmark,UEFA Euro,2020,55,43,171,0.01636794949113214,59.3,0.4152046783625731,0.39883672887144095,0.601163271128559,left_half_space
63,7024,Jorge Luiz Frello Filho,Italy,UEFA Euro,2020,55,43,247,0.012923559548334233,58.7,0.5020242914979757,0.4891007319496415,0.5108992680503586,final_third
64,48347,Amadou Onana,Belgium,UEFA Euro,2024,55,282,139,0.012720354104536586,58.0,0.5035971223021583,0.4908767681976217,0.5091232318023783,final_third
65,3026,Adrien Rabiot,France,UEFA Euro,2020,55,43,262,0.01265877076803134,57.3,0.46946564885496184,0.4568068780869305,0.5431931219130695,final_third
66,5207,Cristiano Ronaldo dos Santos Aveiro,Portugal,UEFA Euro,2020,55,43,218,0.012240961998231882,56.7,0.44495412844036697,0.4327131664421351,0.5672868335578649,final_third
67,30714,Jude Bellingham,England,UEFA Euro,2024,55,282,336,0.011252036107245556,56.0,0.4107142857142857,0.39946224960704013,0.6005377503929599,final_third
68,5237,Hakim Ziyech,Morocco,FIFA World Cup,2022,43,106,169,0.00894287596242134,55.3,0.33136094674556216,0.3224180707831408,0.6775819292168592,right_half_space
69,6983,Remo Freuler,Switzerland,UEFA Euro,2020,55,43,223,0.008849054481370218,54.7,0.47533632286995514,0.4664872683885849,0.5335127316114151,final_third
70,3167,Antonio Rüdiger,Germany,UEFA Euro,2024,55,282,147,0.00884287379658628,54.0,0.5238095238095238,0.5149666500129375,0.4850333499870625,final_third
71,8819,Alexander Isak,Sweden,UEFA Euro,2020,55,43,100,0.0071242348313083625,53.3,0.44,0.43287576516869164,0.5671242348313084,final_third
72,4354,Phil Foden,England,UEFA Euro,2024,55,282,244,0.00613752263630364,52.7,0.4098360655737705,0.4036985429374669,0.5963014570625331,final_third
73,3570,Pierre-Emile Højbjerg,Denmark,UEFA Euro,2020,55,43,307,0.005074981474210232,52.0,0.4592833876221498,0.4542084061479396,0.5457915938520603,final_third
74,3244,John Stones,England,UEFA Euro,2020,55,43,251,0.004882508781103961,51.3,0.5139442231075697,0.5090617143264657,0.49093828567353426,final_third
75,7843,Mason Mount,England,UEFA Euro,2020,55,43,130,0.004877030656376378,50.7,0.36153846153846153,0.3566614308820852,0.6433385691179148,final_third
76,7044,Patrik Schick,Czech Republic,UEFA Euro,2020,55,43,111,0.0037630711236614606,50.0,0.42342342342342343,0.41966035229976195,0.580339647700238,final_third
77,11748,Unai Simón Mendibil,Spain,UEFA Euro,2024,55,282,161,0.0012773408390870827,49.3,0.37888198757763975,0.3776046467385527,0.6223953532614472,own_box
78,8400,Serge Gnabry,Germany,FIFA World Cup,2020,43,43,110,0.0010904612382033752,48.7,0.44545454545454544,0.4443640842163421,0.5556359157836579,final_third
79,6748,Ferrán Torres García,Spain,UEFA Euro,2020,55,43,194,0.0004760242608288317,48.0,0.37628865979381443,0.3758126355329856,0.6241873644670144,final_third
80,10481,Aurélien Djani Tchouaméni,France,FIFA World Cup,2022,43,106,198,0.00030405168865739815,47.3,0.4797979797979798,0.4794939281093224,0.5205060718906775,final_third
81,3089,Kevin De Bruyne,Belgium,UEFA Euro,2024,55,282,258,-5.574209771214392e-05,46.7,0.44573643410852715,0.4457921762062393,0.5542078237937607,final_third
82,5204,Bruno Miguel Borges Fernandes,Portugal,UEFA Euro,2024,55,282,209,-0.00035051002240726734,46.0,0.4354066985645933,0.43575720858700057,0.5642427914129995,final_third
83,38718,Enzo Fernandez,Argentina,FIFA World Cup,2022,43,106,101,-0.0005550161249179868,45.3,0.4158415841584158,0.4163966002833338,0.5836033997166662,final_third
84,7039,Hakan Çalhanoğlu,Turkey,UEFA Euro,2020,55,43,149,-0.001651444602386739,44.7,0.4429530201342282,0.44460446473661497,0.555395535263385,final_third
85,30486,Pedro González López,Spain,UEFA Euro,2020,55,43,399,-0.0021358678822963545,44.0,0.42606516290726815,0.4282010307895645,0.5717989692104355,final_third
86,3382,Luke Shaw,England,UEFA Euro,2020,55,43,238,-0.0023927723079843724,43.3,0.47058823529411764,0.472981007602102,0.5270189923978981,left_half_space
87,8815,Jannik Vestergaard,Denmark,UEFA Euro,2020,55,43,115,-0.0038137065267901922,42.7,0.5304347826086957,0.5342484891354858,0.46575151086451416,final_third
88,5469,Marcelo Brozović,Croatia,FIFA World Cup,2022,43,106,284,-0.004218397465552396,42.0,0.4507042253521127,0.45492262281766505,0.545077377182335,final_third
89,5550,Yann Sommer,Switzerland,UEFA Euro,2024,55,282,123,-0.004812502193764298,41.3,0.37398373983739835,0.3787962420311627,0.6212037579688373,own_box
90,6704,Theo Bernard François Hernández,France,UEFA Euro,2024,55,282,154,-0.004821501626216859,40.7,0.4025974025974026,0.4074189042236194,0.5925810957763806,left_half_space
91,3166,Marco Verratti,Italy,UEFA Euro,2020,55,43,162,-0.008967037149018442,40.0,0.4444444444444444,0.4534114815934629,0.5465885184065371,left_half_space
92,20004,Paul Pogba,France,UEFA Euro,2020,55,43,133,-0.009620562646514227,39.3,0.41353383458646614,0.4231543972329804,0.5768456027670197,final_third
93,5487,Antoine Griezmann,France,UEFA Euro,2022,55,106,269,-0.011064652282895554,38.7,0.4052044609665427,0.4162691132494383,0.5837308867505617,final_third
94,10534,Callum McGregor,Scotland,UEFA Euro,2024,55,282,126,-0.011706482716658717,38.0,0.47619047619047616,0.4878969589071349,0.5121030410928651,final_third
95,34639,Vitor Machado Ferreira,Portugal,UEFA Euro,2024,55,282,157,-0.01170735800357549,37.3,0.4394904458598726,0.4511978038634481,0.5488021961365519,final_third
96,5460,Andrej Kramarić,Croatia,UEFA Euro,2022,55,106,202,-0.011907194348646226,36.7,0.40594059405940597,0.4178477884080522,0.5821522115919477,final_third
97,5668,Robert Lewandowski,Poland,FIFA World Cup,2022,43,106,190,-0.012406918002211768,36.0,0.35789473684210527,0.37030165484431704,0.629698345155683,final_third
98,10955,Harry Kane,England,UEFA Euro,2020,55,43,347,-0.013495468978063242,35.3,0.34293948126801155,0.3564349502460748,0.6435650497539251,final_third
99,3533,Xherdan Shaqiri,Switzerland,UEFA Euro,2020,55,43,159,-0.016344636644278727,34.7,0.37735849056603776,0.3937031272103165,0.6062968727896836,final_third
100,16532,Daniel Olmo Carvajal,Spain,UEFA Euro,2020,55,43,379,-0.01813477040296601,34.0,0.3562005277044855,0.3743352981074515,0.6256647018925485,final_third
101,6655,Fabián Ruiz Peña,Spain,UEFA Euro,2024,55,282,213,-0.01994236932105438,33.3,0.41784037558685444,0.4377827449079088,0.5622172550920912,final_third
102,3959,Andreas Christensen,Denmark,UEFA Euro,2020,55,43,119,-0.02073479787954273,32.7,0.5126050420168067,0.5333398398963495,0.4666601601036505,final_third
103,7693,Bruno Petković,Croatia,UEFA Euro,2022,55,106,143,-0.021115210369559257,32.0,0.34965034965034963,0.3707655600199089,0.6292344399800911,final_third
104,8518,Marcel Sabitzer,Austria,UEFA Euro,2020,55,43,187,-0.024542221562409657,31.3,0.40641711229946526,0.4309593338618749,0.5690406661381251,final_third
105,7005,João Pedro Cavaco Cancelo,Portugal,UEFA Euro,2024,55,282,162,-0.026079863250670573,30.7,0.41975308641975306,0.44583294967042364,0.5541670503295764,final_third
106,11603,Mario Pašalić,Croatia,FIFA World Cup,2022,43,106,103,-0.026832774647219986,30.0,0.39805825242718446,0.42489102707440446,0.5751089729255956,final_third
107,3575,Oleksandr Zinchenko,Ukraine,UEFA Euro,2020,55,43,165,-0.0273815566375071,29.3,0.43636363636363634,0.46374519300114353,0.5362548069988564,final_third
108,20016,Kléper Laveran Lima Ferreira,Portugal,UEFA Euro,2024,55,282,134,-0.027567051991371723,28.7,0.44776119402985076,0.4753282460212225,0.5246717539787775,final_third
109,10287,İlkay Gündoğan,Germany,UEFA Euro,2024,55,282,144,-0.028247363871576232,28.0,0.4305555555555556,0.45880291942713175,0.5411970805728683,final_third
110,2995,Ángel Fabián Di María Hernández,Argentina,FIFA World Cup,2022,43,106,117,-0.028558258640294758,27.3,0.41025641025641024,0.43881466889670506,0.5611853311032949,final_third
111,5211,Jordi Alba Ramos,Spain,UEFA Euro,2020,55,43,138,-0.028672964261985075,26.7,0.4492753623188406,0.47794832658082564,0.5220516734191744,final_third
112,2988,Memphis Depay,Netherlands,UEFA Euro,2024,55,282,344,-0.03014241585677468,26.0,0.34593023255813954,0.3760726484149142,0.6239273515850858,final_third
113,11514,Giovanni Di Lorenzo,Italy,UEFA Euro,2020,55,43,125,-0.031109730223504793,25.3,0.4,0.4311097302235048,0.5688902697764953,final_third
114,16559,Leandro Trossard,Belgium,UEFA Euro,2024,55,282,112,-0.03187809398822548,24.7,0.39285714285714285,0.42473523684536835,0.5752647631546317,final_third
115,5721,Daniel Carvajal Ramos,Spain,UEFA Euro,2024,55,282,119,-0.03234590137708352,24.0,0.42016806722689076,0.4525139686039743,0.5474860313960257,right_half_space
116,3500,Granit Xhaka,Switzerland,UEFA Euro,2024,55,282,326,-0.03256134677196118,23.3,0.4662576687116564,0.4988190154836176,0.5011809845163824,final_third
117,3477,Álvaro Borja Morata Martín,Spain,UEFA Euro,2020,55,43,239,-0.03394152946738594,22.7,0.33472803347280333,0.36866956294018927,0.6313304370598107,final_third
118,12041,João Félix Sequeira,Portugal,FIFA World Cup,2022,43,106,106,-0.034741390193456394,22.0,0.37735849056603776,0.4120998807594941,0.5879001192405059,final_third
119,3205,Kyle Walker,England,UEFA Euro,2024,55,282,218,-0.03486605102586199,21.3,0.4541284403669725,0.48899449139283446,0.5110055086071655,final_third
120,16570,Vladimír Coufal,Czech Republic,UEFA Euro,2020,55,43,154,-0.035558891491662845,20.7,0.38311688311688313,0.418675774608546,0.581324225391454,right_half_space
121,8519,Dayotchanculle Upamecano,France,UEFA Euro,2024,55,282,119,-0.03563982117104074,20.0,0.42857142857142855,0.4642112497424693,0.5357887502575307,final_third
122,7037,Lorenzo Insigne,Italy,UEFA Euro,2020,55,43,190,-0.03646944430019076,19.3,0.42105263157894735,0.4575220758791381,0.5424779241208619,final_third
123,5203,Sergio Busquets i Burgos,Spain,UEFA Euro,2020,55,43,169,-0.03647924778423529,18.7,0.4260355029585799,0.4625147507428151,0.5374852492571849,final_third
124,4870,Tomáš Souček,Czech Republic,UEFA Euro,2020,55,43,165,-0.036770047271658536,18.0,0.4,0.4367700472716585,0.5632299527283415,final_third
125,6989,Timothy Castagne,Belgium,UEFA Euro,2024,55,282,114,-0.04095074717079026,17.3,0.4298245614035088,0.47077530857429906,0.5292246914257009,def_third
126,5574,Toni Kroos,Germany,UEFA Euro,2024,55,282,248,-0.04099202039234339,16.7,0.4475806451612903,0.4885726655536337,0.5114273344463662,final_third
127,5206,Rúben Santos Gato Alves Dias,Portugal,UEFA Euro,2024,55,282,104,-0.04119429641819884,16.0,0.4519230769230769,0.4931173733412758,0.5068826266587242,own_box
128,8181,Nicolò Barella,Italy,UEFA Euro,2020,55,43,196,-0.041338765673031776,15.3,0.3826530612244898,0.4239918268975216,0.5760081731024784,final_third
129,2954,Youri Tielemans,Belgium,UEFA Euro,2020,55,43,125,-0.04193044080522107,14.7,0.432,0.47393044080522106,0.5260695591947789,final_third
130,5562,Thomas Müller,Germany,UEFA Euro,2020,55,43,115,-0.042018945207579206,14.0,0.4,0.44201894520757923,0.5579810547924208,final_third
131,3077,Jan Vertonghen,Belgium,UEFA Euro,2020,55,43,102,-0.04362052424394977,13.3,0.43137254901960786,0.4749930732635576,0.5250069267364423,own_box
132,6399,Gareth Frank Bale,Wales,UEFA Euro,2020,55,43,124,-0.0441258905093474,12.7,0.4032258064516129,0.4473516969609603,0.5526483030390397,final_third
133,5474,Ivan Perišić,Croatia,FIFA World Cup,2022,43,106,214,-0.04672601356038994,12.0,0.4205607476635514,0.46728676122394136,0.5327132387760587,left_half_space
134,3517,Aaron Ramsey,Wales,UEFA Euro,2020,55,43,163,-0.04714089627529211,11.3,0.3619631901840491,0.40910408645934115,0.5908959135406588,final_third
135,7788,Ciro Immobile,Italy,UEFA Euro,2020,55,43,109,-0.04755621452164053,10.7,0.3944954128440367,0.4420516273656772,0.5579483726343228,final_third
136,5544,Ricardo Iván Rodríguez Araya,Switzerland,UEFA Euro,2020,55,43,218,-0.05420346998809591,10.0,0.42201834862385323,0.4762218186119491,0.5237781813880509,left_half_space
137,8967,Ondrej Duda,Slovakia,UEFA Euro,2024,55,282,131,-0.05938890277432269,9.3,0.37404580152671757,0.43343470430104025,0.5665652956989597,final_third
138,10919,Juraj Kucka,Slovakia,UEFA Euro,2020,55,43,104,-0.060037413717976724,8.7,0.33653846153846156,0.3965758752564383,0.6034241247435617,final_third
139,3655,Andrew Robertson,Scotland,UEFA Euro,2024,55,282,109,-0.06469423139401105,8.0,0.44036697247706424,0.5050612038710752,0.4949387961289248,final_third
140,5199,Jorge Resurrección Merodio,Spain,UEFA Euro,2020,55,43,124,-0.06498313139732255,7.3,0.3629032258064516,0.4278863572037742,0.5721136427962258,final_third
141,4706,Kalvin Phillips,England,UEFA Euro,2020,55,43,115,-0.06783280707653165,6.7,0.3391304347826087,0.40696324185914035,0.5930367581408597,final_third
142,4445,Jules Koundé,France,UEFA Euro,2024,55,282,147,-0.07244085850256435,6.0,0.3945578231292517,0.466998681631816,0.533001318368184,final_third
143,8830,Andriy Yarmolenko,Ukraine,UEFA Euro,2020,55,43,136,-0.07451146003584427,5.3,0.35294117647058826,0.4274526365064325,0.5725473634935675,final_third
144,8220,David Olatukunbo Alaba,Austria,UEFA Euro,2020,55,43,106,-0.07515124034196596,4.7,0.4056603773584906,0.4808116177004565,0.5191883822995436,final_third
145,3325,Marko Arnautović,Austria,UEFA Euro,2020,55,43,122,-0.08170994033361396,4.0,0.3524590163934426,0.4341689567270566,0.5658310432729434,final_third
146,7796,Silvan Widmer,Switzerland,UEFA Euro,2020,55,43,110,-0.081812186451372,3.3,0.34545454545454546,0.42726673190591746,0.5727332680940825,right_half_space
147,3468,Jordan Pickford,England,UEFA Euro,2024,55,282,177,-0.0847452004074738,2.7,0.3163841807909605,0.4011293811984342,0.5988706188015658,own_box
148,5527,Thomas Delaney,Denmark,UEFA Euro,2020,55,43,122,-0.08544758918350391,2.0,0.38524590163934425,0.47069349082284817,0.5293065091771518,final_third
149,7131,Domenico Berardi,Italy,UEFA Euro,2020,55,43,104,-0.10002324808458754,1.3,0.3269230769230769,0.42694632500766444,0.5730536749923356,final_third
150,3308,Kieran Trippier,England,UEFA Euro,2024,55,282,125,-0.10041636363896646,0.7,0.368,0.46841636363896644,0.5315836363610336,left_half_space
